title,pricing,beds_baths,address,amenities,url,scraped_at
"Isle House 39 Bruton St, San Francisco, CA 94130","1 Bed $3,862+ 2 Beds $4,487+ 3 Beds $7,642","1 Bed $3,862+","39 Bruton St, San Francisco, CA 94130",Pets Allowed Fitness Center In Unit Washer & Dryer High-Speed Internet Controlled Access Concierge Rooftop Deck,https://www.apartments.com/isle-house-san-francisco-ca/yp192jv/,
"Parkmerced Apartments 3711 19th Ave, San Francisco, CA 94132","Studio $2,240 1 Bed $2,550+ 2 Beds+ $2,995+","Studio $2,240","3711 19th Ave, San Francisco, CA 94132",Fitness Center Clubhouse Maintenance on site Business Center Elevator,https://www.apartments.com/parkmerced-apartments-san-francisco-ca/26ht3d9/,
"Channel Mission Bay 185 Channel St, San Francisco, CA 94158","Studio $3,860+ 1 Bed $4,623+ 2 Beds $6,796+","Studio $3,860+","185 Channel St, San Francisco, CA 94158",Pets Allowed Fitness Center Pool Kitchen In Unit Washer & Dryer Walk-In Closets,https://www.apartments.com/channel-mission-bay-san-francisco-ca/7l08vty/,
"The Civic 101-103 Polk St, San Francisco, CA 94102","Studio $2,997+ 1 Bed $3,285+ 2 Beds $4,253+","Studio $2,997+","101-103 Polk St, San Francisco, CA 94102",Pets Allowed Fitness Center Dishwasher Refrigerator Kitchen In Unit Washer & Dryer Walk-In Closets,https://www.apartments.com/the-civic-san-francisco-ca/32sh4lf/,
"150 Van Ness 150 Van Ness Ave, San Francisco, CA 94102","Studio $3,200 1 Bed $3,200+ 2 Beds+ $4,100+","Studio $3,200","150 Van Ness Ave, San Francisco, CA 94102",Pets Allowed Fitness Center Pool Dishwasher Refrigerator Kitchen In Unit Washer & Dryer,https://www.apartments.com/150-van-ness-san-francisco-ca/8pdvlx3/,
"HQ 1532 Harrison St, San Francisco, CA 94103","Studio $2,723+ 2 Beds $4,235+","Studio $2,723+","1532 Harrison St, San Francisco, CA 94103",Pets Allowed Fitness Center Dishwasher Kitchen In Unit Washer & Dryer Balcony Range,https://www.apartments.com/hq-san-francisco-ca/x4k2dsm/,
"TL Residences 361 Turk St, San Francisco, CA 94102","Studio $1,695+","Studio $1,695+","361 Turk St, San Francisco, CA 94102",Pets Allowed Fitness Center Clubhouse Stainless Steel Appliances Controlled Access Rooftop Deck Smoke Free,https://www.apartments.com/tl-residences-san-francisco-ca/bpkgzbb/,
"Hanover Soma West 1140 Harrison St, San Francisco, CA 94103","Studio $3,414+ 1 Bed $3,853+ 2 Beds+ $4,249+","Studio $3,414+","1140 Harrison St, San Francisco, CA 94103",Pets Allowed Pool Dishwasher Refrigerator Kitchen In Unit Washer & Dryer,https://www.apartments.com/hanover-soma-west-san-francisco-ca/49rn57j/,
"145 Leavenworth St 145 Leavenworth St, San Francisco, CA 94102","Studio $1,695+","Studio $1,695+","145 Leavenworth St, San Francisco, CA 94102",Pets Allowed Fitness Center Refrigerator Kitchen Heat Tub / Shower Stainless Steel Appliances,https://www.apartments.com/145-leavenworth-st-san-francisco-ca/x1sl86m/,
"Lakewood Apartments At Lake Merced 515 John Muir Dr, San Francisco, CA 94132","Studio $2,328 1 Bed $2,549+ 2 Beds $3,966+","Studio $2,328","515 John Muir Dr, San Francisco, CA 94132",Fitness Center Pool Dishwasher Refrigerator Kitchen Walk-In Closets,https://www.apartments.com/lakewood-apartments-at-lake-merced-san-francisco-ca/wzzsn3h/,
"Edgewater 355 Berry St, San Francisco, CA 94158","Studio $4,055 1 Bed $4,083+ 2 Beds $5,283+","Studio $4,055","355 Berry St, San Francisco, CA 94158",Pets Allowed Fitness Center Kitchen In Unit Washer & Dryer Walk-In Closets Balcony High-Speed Internet,https://www.apartments.com/edgewater-san-francisco-ca/1ybjl44/,
"2000 Post 1777 Steiner St, San Francisco, CA 94115","Studio $3,512+ 1 Bed $4,010+ 2 Beds $5,350+","Studio $3,512+","1777 Steiner St, San Francisco, CA 94115",Pets Allowed Fitness Center Pool Walk-In Closets High-Speed Internet Stainless Steel Appliances Ceiling Fans,https://www.apartments.com/2000-post-san-francisco-ca/mrb74sk/,
"NEMA 8 10th St, San Francisco, CA 94103","Studio $3,476+ 1 Bed $4,710+","Studio $3,476+","8 10th St, San Francisco, CA 94103",Pets Allowed Fitness Center Pool Dishwasher Refrigerator In Unit Washer & Dryer Walk-In Closets,https://www.apartments.com/nema-san-francisco-ca/8z5g891/,
"100 Van Ness 100 Van Ness Ave, San Francisco, CA 94102","Studio $3,812 1 Bed $4,617+ 2 Beds $6,222+","Studio $3,812","100 Van Ness Ave, San Francisco, CA 94102",Pets Allowed Fitness Center Pool Dishwasher Refrigerator Kitchen,https://www.apartments.com/100-van-ness-san-francisco-ca/yv6dh0t/,
"388 Beale 388 Beale St, San Francisco, CA 94105","1 Bed $5,439+ 2 Beds $6,404+","1 Bed $5,439+","388 Beale St, San Francisco, CA 94105",Pets Allowed Fitness Center In Unit Washer & Dryer Walk-In Closets Balcony Maintenance on site High-Speed Internet,https://www.apartments.com/388-beale-san-francisco-ca/bkq1ge9/,
"399 Fremont 375-399 Fremont St, San Francisco, CA 94105","Studio $4,093+ 1 Bed $5,285+ 2 Beds $6,791+","Studio $4,093+","375-399 Fremont St, San Francisco, CA 94105",Pets Allowed Fitness Center Pool Balcony High-Speed Internet Stainless Steel Appliances,https://www.apartments.com/399-fremont-san-francisco-ca/vg7veyf/,
"Westlake Apartments 331 Park Plaza Dr, Daly City, CA 94015","Studio $1,980+ 1 Bed $2,169+ 2 Beds+ $3,360+","Studio $1,980+","331 Park Plaza Dr, Daly City, CA 94015",Pets Allowed Dishwasher Walk-In Closets Balcony Maintenance on site CableReady Elevator,https://www.apartments.com/westlake-apartments-daly-city-ca/d23sjpl/,
"Prism 1028 Market St, San Francisco, CA 94102","Studio $2,596+ 1 Bed $3,390+ 2 Beds $3,675+","Studio $2,596+","1028 Market St, San Francisco, CA 94102",Pets Allowed In Unit Washer & Dryer,https://www.apartments.com/prism-san-francisco-ca/f6w4p9t/,
"Solaire 299 Fremont St, San Francisco, CA 94105","Studio $4,390+ 1 Bed $5,088+ 2 Beds $6,096+","Studio $4,390+","299 Fremont St, San Francisco, CA 94105",Pets Allowed Fitness Center Pool In Unit Washer & Dryer Stainless Steel Appliances Business Center Controlled Access,https://www.apartments.com/solaire-san-francisco-ca/ts39px9/,
"1188 Mission at Trinity Place 1188 Mission St, San Francisco, CA 94103","1 Bed $2,845+","1 Bed $2,845+","1188 Mission St, San Francisco, CA 94103",Fitness Center High-Speed Internet Elevator,https://www.apartments.com/1188-mission-at-trinity-place-san-francisco-ca/dm9e9kl/,
"1190 Mission at Trinity Place 1190 Mission St, San Francisco, CA 94103","1 Bed $2,775+","1 Bed $2,775+","1190 Mission St, San Francisco, CA 94103",Pets Allowed Fitness Center,https://www.apartments.com/1190-mission-at-trinity-place-san-francisco-ca/yz77zfv/,
"Jasper 45 Lansing St, San Francisco, CA 94105","Studio $4,720+ 1 Bed $5,375+","Studio $4,720+","45 Lansing St, San Francisco, CA 94105",Pets Allowed Fitness Center Pool Dishwasher Refrigerator Kitchen,https://www.apartments.com/jasper-san-francisco-ca/cgy0m0e/,
"1177 Market at Trinity Place 1177 Market St, San Francisco, CA 94103","1 Bed $3,022+ 2 Beds $3,658+","1 Bed $3,022+","1177 Market St, San Francisco, CA 94103",Pets Allowed Fitness Center Stainless Steel Appliances Granite Countertops,https://www.apartments.com/1177-market-at-trinity-place-san-francisco-ca/cjkjj6g/,
"Alta Potrero 1301 16th St, San Francisco, CA 94103","Studio $3,960+ 1 Bed $4,690+ 2 Beds+ $6,811+","Studio $3,960+","1301 16th St, San Francisco, CA 94103",Pets Allowed Fitness Center Grill Courtyard,https://www.apartments.com/alta-potrero-san-francisco-ca/k15xrnb/,
"Geary Courtyard 639 Geary St, San Francisco, CA 94102","Studio $2,270+ 1 Bed $2,805","Studio $2,270+","639 Geary St, San Francisco, CA 94102",Pets Allowed High-Speed Internet Stainless Steel Appliances Business Center Package Service Controlled Access Concierge,https://www.apartments.com/geary-courtyard-san-francisco-ca/kvh3nk8/,
"33 8th at Trinity Place 33 8th St, San Francisco, CA 94103","Studio $4,130+ 1 Bed $3,346+ 2 Beds $3,656+","Studio $4,130+","33 8th St, San Francisco, CA 94103",Pets Allowed Fitness Center Elevator,https://www.apartments.com/33-8th-at-trinity-place-san-francisco-ca/7ddw1jw/,
"The Fillmore Center 1475 Fillmore St, San Francisco, CA 94115","Studio $2,960+ 1 Bed $3,607+ 2 Beds+ $4,902+","Studio $2,960+","1475 Fillmore St, San Francisco, CA 94115",Pets Allowed Fitness Center In Unit Washer & Dryer Walk-In Closets High-Speed Internet Stainless Steel Appliances Controlled Access,https://www.apartments.com/the-fillmore-center-san-francisco-ca/9s0ez36/,
"Spera 39 Tehama St, San Francisco, CA 94105","1 Bed $5,079+ 2 Beds $7,908+","1 Bed $5,079+","39 Tehama St, San Francisco, CA 94105",Pets Allowed Fitness Center In Unit Washer & Dryer Package Service Controlled Access Concierge EV Charging,https://www.apartments.com/spera-san-francisco-ca/eqzek7p/,
"L Seven 1222 Harrison St, San Francisco, CA 94103","Studio $3,017+ 1 Bed $3,698+ 2 Beds $4,740+","Studio $3,017+","1222 Harrison St, San Francisco, CA 94103",Pets Allowed Fitness Center In Unit Washer & Dryer Balcony Patio Stainless Steel Appliances Grill,https://www.apartments.com/l-seven-san-francisco-ca/yjlxlwt/,
"FOUND Study San Francisco | Student Housing 16 Turk St, San Francisco, CA 94102",1 Bed $850+,1 Bed $850+,"16 Turk St, San Francisco, CA 94102",Heat High-Speed Internet Controlled Access Elevator Laundry Facilities,https://www.apartments.com/found-study-san-francisco-student-housing-san-francisco-ca/8kb4893/,
"Quincy 555-585 Bryant St, San Francisco, CA 94107","Studio $4,578+ 1 Bed $4,634+ 2 Beds $5,697+","Studio $4,578+","555-585 Bryant St, San Francisco, CA 94107",Pets Allowed Fitness Center In Unit Washer & Dryer Concierge EV Charging Rooftop Deck,https://www.apartments.com/quincy-san-francisco-ca/1hxf6t6/,
"The Fitzgerald 2095 Bryant St, San Francisco, CA 94110","1 Bed $4,085","1 Bed $4,085","2095 Bryant St, San Francisco, CA 94110",Pets Allowed Fitness Center Dishwasher In Unit Washer & Dryer Grill Gated Rooftop Deck,https://www.apartments.com/the-fitzgerald-san-francisco-ca/hxj33g1/,
"Hawkins 77 Bruton St, San Francisco, CA 94130","Studio $2,368+ 1 Bed $2,809+ 2 Beds+ $3,190+","Studio $2,368+","77 Bruton St, San Francisco, CA 94130",Pets Allowed Fitness Center Stainless Steel Appliances Grill Courtyard EV Charging,https://www.apartments.com/hawkins-san-francisco-ca/4qh5c9k/,
"Lark Landing 230 Folsom St, San Francisco, CA 94105",1 Bed $898+,1 Bed $898+,"230 Folsom St, San Francisco, CA 94105",High-Speed Internet Business Center Elevator Rooftop Deck,https://www.apartments.com/lark-landing-san-francisco-ca/9fet7d6/,
"Tower 737 Condominium Rentals 737 Post St, San Francisco, CA 94109","Studio $2,226+ 1 Bed $3,988+","Studio $2,226+","737 Post St, San Francisco, CA 94109",Pets Allowed Fitness Center Kitchen Balcony Stainless Steel Appliances Business Center Carpet,https://www.apartments.com/tower-737-condominium-rentals-san-francisco-ca/g44fkey/,
"333 Fremont 333 Fremont St, San Francisco, CA 94105","1 Bed $4,320+","1 Bed $4,320+","333 Fremont St, San Francisco, CA 94105",Pets Allowed In Unit Washer & Dryer Balcony Patio Package Service,https://www.apartments.com/333-fremont-san-francisco-ca/9ew6sb7/,
"The Gateway 460 Davis Ct, San Francisco, CA 94111","Studio $3,387+ 1 Bed $4,410+ 2 Beds $5,490+","Studio $3,387+","460 Davis Ct, San Francisco, CA 94111",Pets Allowed In Unit Washer & Dryer Stainless Steel Appliances Controlled Access Hardwood Floors Elevator,https://www.apartments.com/the-gateway-san-francisco-ca/cs10w0d/,
"Soma at 788 788 Harrison St, San Francisco, CA 94107",Studio - 2 Beds Call for Rent,Studio - 2 Beds Call for Rent,"788 Harrison St, San Francisco, CA 94107",Pets Allowed Fitness Center Dishwasher Refrigerator Kitchen In Unit Washer & Dryer Walk-In Closets,https://www.apartments.com/soma-at-788-san-francisco-ca/45g8mtk/,
"The Presidio Residences 222 Halleck St, San Francisco, CA 94129","1 Bed $3,900+ 2 Beds $5,000+ 3 Beds+ $4,725+","1 Bed $3,900+","222 Halleck St, San Francisco, CA 94129",Pets Allowed Dishwasher Kitchen Range Heat Oven Tub / Shower,https://www.apartments.com/the-presidio-residences-san-francisco-ca/n3sbxgq/,
"The Cornelia Suites 641 O'Farrell St, San Francisco, CA 94109","Studio $1,600+","Studio $1,600+","641 O'Farrell St, San Francisco, CA 94109",Pets Allowed Refrigerator Kitchen Microwave Controlled Access Hardwood Floors Elevator,https://www.apartments.com/the-cornelia-suites-san-francisco-ca/9zsv587/,
"Pacific Place Apartments 2665 Geneva Ave, Daly City, CA 94014","2 Beds $3,593+","2 Beds $3,593+","2665 Geneva Ave, Daly City, CA 94014",Fitness Center Dishwasher In Unit Washer & Dryer Walk-In Closets Range Disposal Microwave,https://www.apartments.com/pacific-place-apartments-daly-city-ca/mb68hdl/,
"The Paramount 680 Mission St, San Francisco, CA 94105","Studio $3,795+ 1 Bed $4,725+","Studio $3,795+","680 Mission St, San Francisco, CA 94105",,https://www.apartments.com/the-paramount-san-francisco-ca/6gy8r5r/,
"Alchemy 200 Buchanan St, San Francisco, CA 94102","1 Bed $4,519+ 2 Beds $6,684+","1 Bed $4,519+","200 Buchanan St, San Francisco, CA 94102",,https://www.apartments.com/alchemy-san-francisco-ca/e65245m/,
"Ventana Residences 99 Ocean Ave, San Francisco, CA 94112","1 Bed $3,575 2 Beds $4,350+","1 Bed $3,575","99 Ocean Ave, San Francisco, CA 94112",,https://www.apartments.com/ventana-residences-san-francisco-ca/gyzs6ey/,
"Towers at Rincon 88 Howard St, San Francisco, CA 94105","1 Bed $4,340+","1 Bed $4,340+","88 Howard St, San Francisco, CA 94105",,https://www.apartments.com/towers-at-rincon-san-francisco-ca/nc2sytq/,
"Mason on Mariposa 1601 Mariposa St, San Francisco, CA 94107","Studio $3,900+","Studio $3,900+","1601 Mariposa St, San Francisco, CA 94107",,https://www.apartments.com/mason-on-mariposa-san-francisco-ca/b1rlv7c/,
"Avery 450 450 Folsom St, San Francisco, CA 94105","Studio $4,725+ 2 Beds $8,995","Studio $4,725+","450 Folsom St, San Francisco, CA 94105",,https://www.apartments.com/avery-450-san-francisco-ca/d1150rk/,
"Fifteen Fifty 1550 Mission St, San Francisco, CA 94103","1 Bed $5,395+ 2 Beds $6,495+ 3 Beds $15,995","1 Bed $5,395+","1550 Mission St, San Francisco, CA 94103",,https://www.apartments.com/fifteen-fifty-san-francisco-ca/52sddxp/,
"Vance 830 Eddy St, San Francisco, CA 94109","Studio $3,258+ 1 Bed $5,909+ 2 Beds $5,558+","Studio $3,258+","830 Eddy St, San Francisco, CA 94109",,https://www.apartments.com/vance-san-francisco-ca/fzw832s/,
"Soma Residences 1045 Mission St, San Francisco, CA 94103","Studio $2,274+ 1 Bed $2,527+","Studio $2,274+","1045 Mission St, San Francisco, CA 94103",,https://www.apartments.com/soma-residences-san-francisco-ca/f96bywv/,
"The Sophie Maxwell Building 1212 Maryland St, San Francisco, CA 94107","Studio $2,183+ 1 Bed $3,429 2 Beds $2,183+","Studio $2,183+","1212 Maryland St, San Francisco, CA 94107",,https://www.apartments.com/the-sophie-maxwell-building-san-francisco-ca/ge7m3jy/,
"Mission Rock 365 Toni Stone Xing, San Francisco, CA 94158","Studio $4,200 1 Bed $5,700+ 2 Beds $6,275+","Studio $4,200","365 Toni Stone Xing, San Francisco, CA 94158",,https://www.apartments.com/mission-rock-san-francisco-ca/pthneyv/,
"38 Dolores 38 Dolores St, San Francisco, CA 94103","3 Beds $10,002","3 Beds $10,002","38 Dolores St, San Francisco, CA 94103",,https://www.apartments.com/38-dolores-san-francisco-ca/s1swjl7/,
"777 Tenn 777 Tennessee St, San Francisco, CA 94107",Studio - 3 Beds Call for Rent,Studio - 3 Beds Call for Rent,"777 Tennessee St, San Francisco, CA 94107",,https://www.apartments.com/777-tenn-san-francisco-ca/ek5klnn/,
"Bayside Village 3 Bayside Village Pl, San Francisco, CA 94107","Studio $3,539+ 1 Bed $4,086+ 2 Beds $5,552+","Studio $3,539+","3 Bayside Village Pl, San Francisco, CA 94107",,https://www.apartments.com/bayside-village-san-francisco-ca/1rerqb5/,
"Waterbend 5880 3rd St, San Francisco, CA 94124","1 Bed $3,017+ 2 Beds $4,085+","1 Bed $3,017+","5880 3rd St, San Francisco, CA 94124",,https://www.apartments.com/waterbend-san-francisco-ca/l7w7epd/,
"The Brady 1 Brady St, San Francisco, CA 94103","Studio $3,326+ 1 Bed $3,859+ 2 Beds $4,912+","Studio $3,326+","1 Brady St, San Francisco, CA 94103",,https://www.apartments.com/the-brady-san-francisco-ca/5eer1xp/,
"Warrington Apartments 775 Post St, San Francisco, CA 94109","Studio $2,500","Studio $2,500","775 Post St, San Francisco, CA 94109",,https://www.apartments.com/warrington-apartments-san-francisco-ca/14znvw5/,
"1825 Mission 1825 Mission St, San Francisco, CA 94103",Studio Call for Rent,Studio Call for Rent,"1825 Mission St, San Francisco, CA 94103",,https://www.apartments.com/1825-mission-san-francisco-ca/j6qykd4/,
"50 Jones 50 Jones St, San Francisco, CA 94102","Studio $2,595+ 1 Bed $2,854+ 2 Beds $3,582+","Studio $2,595+","50 Jones St, San Francisco, CA 94102",,https://www.apartments.com/50-jones-san-francisco-ca/79rtqtx/,
"Astella 955-975 Bryant St, San Francisco, CA 94103","Studio $3,606+ 1 Bed $3,912+ 2 Beds+ $5,371+","Studio $3,606+","955-975 Bryant St, San Francisco, CA 94103",,https://www.apartments.com/astella-san-francisco-ca/2bevhs9/,
"1030 Post Street Apartments 1030 Post St, San Francisco, CA 94109","1 Bed $1,795","1 Bed $1,795","1030 Post St, San Francisco, CA 94109",,https://www.apartments.com/1030-post-street-apartments-san-francisco-ca/4g953pj/,
"272 Clara St Unit PL FL2-ID455 272 Clara St, San Francisco, CA 94107","1 Bed $4,980","1 Bed $4,980","272 Clara St, San Francisco, CA 94107",,https://www.apartments.com/272-clara-st-san-francisco-ca-unit-pl-fl2-id455/7ldx8rx/,
"2 Townsend St Unit PL FL2-ID28 2 Townsend St, San Francisco, CA 94107","1 Bed $4,800","1 Bed $4,800","2 Townsend St, San Francisco, CA 94107",,https://www.apartments.com/2-townsend-st-san-francisco-ca-unit-pl-fl2-id28/vsstt2g/,
"FOUND Study Nob Hill - Student/Intern 851 California St, San Francisco, CA 94108","1 Bed $1,100+","1 Bed $1,100+","851 California St, San Francisco, CA 94108",,https://www.apartments.com/found-study-nob-hill-student-intern-san-francisco-ca/f2dbfxs/,
"2175 Market 2175 Market St, San Francisco, CA 94114","1 Bed $4,471+","1 Bed $4,471+","2175 Market St, San Francisco, CA 94114",,https://www.apartments.com/2175-market-san-francisco-ca/8kg00w2/,
"Mt. Sutro Apartments 480 Warren Dr, San Francisco, CA 94131","1 Bed $2,995+","1 Bed $2,995+","480 Warren Dr, San Francisco, CA 94131",,https://www.apartments.com/mt-sutro-apartments-san-francisco-ca/5kenhpm/,
"2120 Pacific Ave 2120 Pacific Ave, San Francisco, CA 94115","Studio $2,250+","Studio $2,250+","2120 Pacific Ave, San Francisco, CA 94115",,https://www.apartments.com/2120-pacific-ave-san-francisco-ca/46mqcrl/,
"570 Hayes Street Apartments 570 Hayes St, San Francisco, CA 94102","3 Beds $4,900","3 Beds $4,900","570 Hayes St, San Francisco, CA 94102",,https://www.apartments.com/570-hayes-street-apartments-san-francisco-ca/nf7yfpp/,
"280 Fell Street Apartments 280 Fell St, San Francisco, CA 94102","1 Bed $3,300+","1 Bed $3,300+","280 Fell St, San Francisco, CA 94102",,https://www.apartments.com/280-fell-street-apartments-san-francisco-ca/bgygb0c/,
"Highpoint Terrace 1888 Geneva Ave, San Francisco, CA 94134","2 Beds $3,700","2 Beds $3,700","1888 Geneva Ave, San Francisco, CA 94134",,https://www.apartments.com/highpoint-terrace-san-francisco-ca/g05zshw/,
"Kirkham Heights Apartments 1530-1580 5th Ave, San Francisco, CA 94122","1 Bed $3,000","1 Bed $3,000","1530-1580 5th Ave, San Francisco, CA 94122",,https://www.apartments.com/kirkham-heights-apartments-san-francisco-ca/9shmql5/,
"Delphine on Diamond 5285 Diamond Heights Blvd, San Francisco, CA 94131","1 Bed $3,717+ 2 Beds $5,554+","1 Bed $3,717+","5285 Diamond Heights Blvd, San Francisco, CA 94131",,https://www.apartments.com/delphine-on-diamond-san-francisco-ca/zz5c1ly/,
"O & M 680 Indiana St, San Francisco, CA 94107","Studio $2,280+ 1 Bed $3,112+ 2 Beds+ $3,634+","Studio $2,280+","680 Indiana St, San Francisco, CA 94107",,https://www.apartments.com/o-m-san-francisco-ca/f64bhgs/,
"Ashton 301 Executive Park Blvd, San Francisco, CA 94134","1 Bed $3,890 2 Beds $4,837+","1 Bed $3,890","301 Executive Park Blvd, San Francisco, CA 94134",,https://www.apartments.com/ashton-san-francisco-ca/0pvmdb0/,
"1333 Gough Apartments at Cathedral Hill 1333 Gough St, San Francisco, CA 94109",Studio - 2 Beds Call for Rent,Studio - 2 Beds Call for Rent,"1333 Gough St, San Francisco, CA 94109",,https://www.apartments.com/1333-gough-apartments-at-cathedral-hill-san-francisco-ca/y2dhz1s/,
"Argenta 1 Polk St, San Francisco, CA 94102","1 Bed $3,562+","1 Bed $3,562+","1 Polk St, San Francisco, CA 94102",,https://www.apartments.com/argenta-san-francisco-ca/sz62h77/,
"1700 California Street 1700 California St, San Francisco, CA 94109",1-2 Beds Call for Rent,1-2 Beds Call for Rent,"1700 California St, San Francisco, CA 94109",,https://www.apartments.com/1700-california-street-san-francisco-ca/qslrrhw/,
"The Martin 2051 3rd St, San Francisco, CA 94107","Studio $3,937+ 2 Beds $6,840","Studio $3,937+","2051 3rd St, San Francisco, CA 94107",,https://www.apartments.com/the-martin-san-francisco-ca/h518yw2/,
"Nob Hill Tower 1221 Jones St, San Francisco, CA 94109",Studio - 3 Beds Call for Rent,Studio - 3 Beds Call for Rent,"1221 Jones St, San Francisco, CA 94109",,https://www.apartments.com/nob-hill-tower-san-francisco-ca/kwtkhp9/,
,"1 Bed $3,150+","1 Bed $3,150+","2351 Powell St, San Francisco, CA 94133",,https://www.apartments.com/northpoint-vistas-san-francisco-ca/edtq6hn/,2026-04-10 23:03:06 UTC
,1 Bed Call for Rent,1 Bed Call for Rent,"1885 Filbert St, San Francisco, CA 94123",,https://www.apartments.com/1885-filbert-st-san-francisco-ca/jtyn784/,2026-04-10 23:03:09 UTC
,"2 Beds, 1 Bath, 942 sq ft $3,925","2 Beds, 1 Bath, 942 sq ft $3,925","3711 19th Ave, San Francisco, CA 94132",,https://www.apartments.com/parkmerced-apartments-san-francisco-ca/26ht3d9/#mxe56gh-2-unit/,2026-04-10 23:03:12 UTC
,"1 Bed $3,150","1 Bed $3,150","1355 Post St, San Francisco, CA 94109",,https://www.apartments.com/1355-post-street-apartments-san-francisco-ca/0xxqmd2/,2026-04-10 23:03:14 UTC
,"Studio $2,499+","Studio $2,499+","1346 Pine St, San Francisco, CA 94109",,https://www.apartments.com/1346-pine-san-francisco-ca/4wp9mxk/,2026-04-10 23:03:17 UTC
,"2 Beds $3,775+","2 Beds $3,775+","1801 Mission St, San Francisco, CA 94103",,https://www.apartments.com/1801-mission-st-san-francisco-ca/zk7w5fw/,2026-04-10 23:03:20 UTC
,"Studio $1,545","Studio $1,545","949 Post St, San Francisco, CA 94109",,https://www.apartments.com/949-post-st-age-55-san-francisco-ca/3mmwhgd/,2026-04-10 23:03:23 UTC
,"1 Bed $5,500","1 Bed $5,500","2398 Pacific Ave, San Francisco, CA 94115",,https://www.apartments.com/2398-pacific-ave-san-francisco-ca/4ktdbxk/,2026-04-10 23:03:26 UTC
,"1 Bed, 1 Bath, 758 sq ft $5,397","1 Bed, 1 Bath, 758 sq ft $5,397","185 Channel St, San Francisco, CA 94158",,https://www.apartments.com/channel-mission-bay-san-francisco-ca/7l08vty/#c7gmdhd-2-unit/,2026-04-10 23:03:29 UTC
,"1 Bed $3,080+ 2 Beds $4,000+","1 Bed $3,080+ 2 Beds $4,000+","1863 Mission St, San Francisco, CA 94103",,https://www.apartments.com/1863-mission-st-san-francisco-ca/076h360/,2026-04-10 23:03:32 UTC
,Studio - 2 Beds Call for Rent,Studio - 2 Beds Call for Rent,"1515 Greenwich St, San Francisco, CA 94123",,https://www.apartments.com/1515-greenwich-st-san-francisco-ca/vy4gnnd/,2026-04-10 23:03:35 UTC
,"Studio $2,825+ 1 Bed $3,200+ 2 Beds+ $4,675+","Studio $2,825+ 1 Bed $3,200+ 2 Beds+ $4,675+","55 Oak St, San Francisco, CA 94102",,https://www.apartments.com/the-oak-sf-san-francisco-ca/223v3e9/,2026-04-10 23:03:39 UTC
,"Studio $995+ 1 Bed $1,195+","Studio $995+ 1 Bed $1,195+","1080-1084 Folsom St, San Francisco, CA 94103",,https://www.apartments.com/urbanests-1080-folsom-residences-san-francisco-ca/39nqndd/,2026-04-10 23:03:42 UTC
,Studio $995+,Studio $995+,"371 Columbus Ave, San Francisco, CA 94133",,https://www.apartments.com/urbanests-371-columbus-avenue-san-francisco-ca/ksghs2c/,2026-04-10 23:03:43 UTC
,"Studio $2,800 1 Bed $5,000","Studio $2,800 1 Bed $5,000","2400 Pacific Ave, San Francisco, CA 94115",,https://www.apartments.com/2400-pacific-avenue-apartments-san-francisco-ca/bdnlhe9/,2026-04-10 23:03:46 UTC
,"Studio $1,695 1 Bed $1,995","Studio $1,695 1 Bed $1,995","1156 Sutter St, San Francisco, CA 94109",,https://www.apartments.com/sutter-street-apartments-san-francisco-ca/tv5x5db/,2026-04-10 23:03:49 UTC
,Studio $595+,Studio $595+,"221 7th St, San Francisco, CA 94103",,https://www.apartments.com/urbanests-221-7th-st-residences-san-francisco-ca/169n256/,2026-04-10 23:03:53 UTC
,"Studio $2,000","Studio $2,000","1200 Sacramento St, San Francisco, CA 94108",,https://www.apartments.com/mark-hopkins-san-francisco-ca/r8l9h01/,2026-04-10 23:03:56 UTC
"14 Isis St Unit 4, San Francisco, CA 94103","1 Bed, 1 Bath, 5,526 sq ft $3,200","1 Bed, 1 Bath, 5,526 sq ft $3,200",,,https://www.apartments.com/14-isis-st-san-francisco-ca-unit-4/3g0pk3f/,2026-04-10 23:04:02 UTC
"150 Van Ness Ave, San Francisco, CA 94102","2 Beds, 2 Baths, 979 sq ft $5,881","2 Beds, 2 Baths, 979 sq ft $5,881",,,https://www.apartments.com/150-van-ness-san-francisco-ca/8pdvlx3/#q6wvq7x-2-unit/,2026-04-10 23:04:08 UTC
,"1 Bed, 1 Bath $3,295","1 Bed, 1 Bath $3,295",,,https://www.apartments.com/2888-folsom-st-san-francisco-ca-unit-a/ympe8zv/,2026-04-10 23:04:14 UTC
,"2 Beds, 2 Baths, 1,100 sq ft $4,990","2 Beds, 2 Baths, 1,100 sq ft $4,990",,,https://www.apartments.com/1075-market-st-san-francisco-ca-unit-312/hl6b340/,2026-04-10 23:04:18 UTC
,"3 Beds, 3 Baths, 1,950 sq ft $14,990","3 Beds, 3 Baths, 1,950 sq ft $14,990",,,https://www.apartments.com/708-long-bridge-st-san-francisco-ca-unit-1109/97efsl5/,2026-04-10 23:04:25 UTC
,"2 Beds, 2 Baths, 1,401 sq ft $7,140","2 Beds, 2 Baths, 1,401 sq ft $7,140",,,https://www.apartments.com/338-spear-st-san-francisco-ca-unit-6d/sg6v8x6/,2026-04-10 23:04:31 UTC
,"Studio, 1 Bath, 432 sq ft $3,290","Studio, 1 Bath, 432 sq ft $3,290",,,https://www.apartments.com/201-harrison-st-san-francisco-ca-unit-1030/n27ew9m/,2026-04-10 23:04:37 UTC
"900 Folsom St, San Francisco, CA 94107","1 Bed $4,470","1 Bed $4,470",,,https://www.apartments.com/900-folsom-st-san-francisco-ca-unit-si-fl8-id272/h00ez40/,2026-04-10 23:04:43 UTC
"18 10th St, San Francisco, CA 94103","Studio $3,620","Studio $3,620",,,https://www.apartments.com/18-10th-st-san-francisco-ca-unit-si-fl14-id397/c7wd01d/,2026-04-10 23:04:47 UTC
"100 Van Ness Ave, San Francisco, CA 94102","2 Beds $7,540","2 Beds $7,540",,,https://www.apartments.com/100-van-ness-ave-san-francisco-ca-unit-si-fl12-id1478/9hdz187/,2026-04-10 23:04:53 UTC
"18 10th St Unit SI FL16-ID278480P, San Francisco, CA 94103","Studio, 1 Bath, 462 sq ft $4,558","Studio, 1 Bath, 462 sq ft $4,558",,,https://www.apartments.com/18-10th-st-san-francisco-ca-unit-si-fl16-id278480p/4nbpsnl/,2026-04-10 23:05:00 UTC
"18 10th St, San Francisco, CA 94103","Studio $3,650","Studio $3,650",,,https://www.apartments.com/18-10th-st-san-francisco-ca-unit-si-fl8-id1315/w25wc9h/,2026-04-10 23:05:06 UTC
"Unit A at TL Residences 361 Turk St, San Francisco, CA 94102","Studio, 1 Bath, 221 sq ft $1,695","Studio, 1 Bath, 221 sq ft $1,695",Unit A at TL Residences,,https://www.apartments.com/tl-residences-san-francisco-ca/bpkgzbb/#h7n2jj0-2-unit/,2026-04-10 23:05:09 UTC
"18 10th St, San Francisco, CA 94103","1 Bed $5,961","1 Bed $5,961",,,https://www.apartments.com/18-10th-st-san-francisco-ca-unit-si-fl18-id278481p/6wfm8dv/,2026-04-10 23:05:15 UTC
"1600 15th St, San Francisco, CA 94103","1 Bed $5,055","1 Bed $5,055",,,https://www.apartments.com/1600-15th-st-san-francisco-ca-unit-si-fl4-id354762p/mp46tjk/,2026-04-10 23:05:19 UTC
"388 Beale St, San Francisco, CA 94105","1 Bed $6,749","1 Bed $6,749",,,https://www.apartments.com/388-beale-st-san-francisco-ca-unit-si-fl9-id1009996p/wmefr7l/,2026-04-10 23:05:25 UTC
"18 10th St Unit SI FL5-ID278477P, San Francisco, CA 94103","Studio, 1 Bath, 462 sq ft $4,066","Studio, 1 Bath, 462 sq ft $4,066",,,https://www.apartments.com/18-10th-st-san-francisco-ca-unit-si-fl5-id278477p/ny7xkqm/,2026-04-10 23:05:32 UTC
"680 Mission St, San Francisco, CA 94105","1 Bed $7,908","1 Bed $7,908",,,https://www.apartments.com/680-mission-st-san-francisco-ca-unit-si-id1039852p/j9g4rq7/,2026-04-10 23:05:38 UTC
"355 Berry St, San Francisco, CA 94158","Studio $4,335","Studio $4,335",,,https://www.apartments.com/355-berry-st-san-francisco-ca-unit-si-fl5-id1224042p/2bwpbm9/,2026-04-10 23:05:44 UTC
"100 Van Ness Ave, San Francisco, CA 94102","1 Bed $5,270","1 Bed $5,270",,,https://www.apartments.com/100-van-ness-ave-san-francisco-ca-unit-si-fl17-id1923/zw15rkx/,2026-04-10 23:05:48 UTC
"355 Berry St, San Francisco, CA 94158","Studio $5,279","Studio $5,279",,,https://www.apartments.com/355-berry-st-san-francisco-ca-unit-si-fl4-id1264837p/hj55jw2/,2026-04-10 23:05:55 UTC
"1010 Bush St, San Francisco, CA 94109","Studio $1,150","Studio $1,150",,,https://www.apartments.com/1010-bush-st-san-francisco-ca-unit-128/cxhepbe/,2026-04-10 23:06:01 UTC
"1155 4th St, San Francisco, CA 94158","1 Bed $6,092","1 Bed $6,092",,,https://www.apartments.com/1155-4th-st-san-francisco-ca-unit-si-fl4-id1285297p/98z91t4/,2026-04-10 23:06:07 UTC
"Unit A at 145 Leavenworth St 145 Leavenworth St, San Francisco, CA 94102","Studio, 1 Bath, 224 sq ft $1,695","Studio, 1 Bath, 224 sq ft $1,695",Unit A at 145 Leavenworth St,,https://www.apartments.com/145-leavenworth-st-san-francisco-ca/x1sl86m/#523y5bn-2-unit/,2026-04-10 23:06:10 UTC
"1201 4th St, San Francisco, CA 94158","1 Bed $6,090","1 Bed $6,090",,,https://www.apartments.com/1201-4th-st-san-francisco-ca-unit-si-fl4-id1286657p/t9g0j68/,2026-04-10 23:06:16 UTC
"1155 4th St, San Francisco, CA 94158","1 Bed $6,396","1 Bed $6,396",,,https://www.apartments.com/1155-4th-st-san-francisco-ca-unit-si-fl3-id1295732p/5z5g47m/,2026-04-10 23:06:20 UTC
"211 Genebern Way, San Francisco, CA 94112","2 Beds $6,847","2 Beds $6,847",,,https://www.apartments.com/211-genebern-way-san-francisco-ca-unit-si-id1309729p/nl20v6m/,2026-04-10 23:06:26 UTC
"899 Pine St, San Francisco, CA 94108","1 Bed $5,260","1 Bed $5,260",,,https://www.apartments.com/899-pine-st-san-francisco-ca-unit-si-fl16-id430/kgwg8eb/,2026-04-10 23:11:35 UTC
"2232 North Point St, San Francisco, CA 94123","2 Beds $7,140","2 Beds $7,140",,,https://www.apartments.com/2232-north-point-st-san-francisco-ca-unit-si-fl3-id434/h6resm2/,2026-04-10 23:11:41 UTC
"1 Bed, 1 Bath, 444 sq ft $2,870","1 Bed, 1 Bath, 444 sq ft $2,870","1 Bed, 1 Bath, 444 sq ft $2,870",Unit 0410 at 1188 Mission at Trinity Place,,,2026-04-10 23:12:41 UTC
"1075 Market St, San Francisco, CA 94103","1 Bed $3,560","1 Bed $3,560",,,https://www.apartments.com/1075-market-st-san-francisco-ca-unit-si-fl3-id461/dxb10gk/,2026-04-10 23:12:47 UTC
"24 Franklin St, San Francisco, CA 94102","Studio $3,330","Studio $3,330",,,https://www.apartments.com/24-franklin-st-san-francisco-ca-unit-si-fl6-id111/7n8xghy/,2026-04-10 23:12:53 UTC
"899 Pine St, San Francisco, CA 94108","Studio $4,850","Studio $4,850",,,https://www.apartments.com/899-pine-st-san-francisco-ca-unit-si-fl8-id128/zp75dkz/,2026-04-10 23:12:59 UTC
"690 Long Bridge St, San Francisco, CA 94158","2 Beds $5,870","2 Beds $5,870",,,https://www.apartments.com/690-long-bridge-st-san-francisco-ca-unit-si-fl5-id325/t3cdbsb/,2026-04-10 23:13:04 UTC
"340 Fremont St, San Francisco, CA 94105","1 Bed $5,590","1 Bed $5,590",,,https://www.apartments.com/340-fremont-st-san-francisco-ca-unit-si-fl30-id144/19660e6/,2026-04-10 23:13:10 UTC
"340 Fremont St, San Francisco, CA 94105","1 Bed $6,820","1 Bed $6,820",,,https://www.apartments.com/340-fremont-st-san-francisco-ca-unit-si-fl7-id156/5gqe8kp/,2026-04-10 23:13:16 UTC
"24 Franklin St, San Francisco, CA 94102","Studio $3,820","Studio $3,820",,,https://www.apartments.com/24-franklin-st-san-francisco-ca-unit-si-fl5-id109/tky86m9/,2026-04-10 23:13:22 UTC
"690 Long Bridge St, San Francisco, CA 94158","2 Beds $8,690","2 Beds $8,690",,,https://www.apartments.com/690-long-bridge-st-san-francisco-ca-unit-si-fl8-id142/7fz0phz/,2026-04-10 23:13:28 UTC
"1285 Sutter St, San Francisco, CA 94109","1 Bed $4,390","1 Bed $4,390",,,https://www.apartments.com/1285-sutter-st-san-francisco-ca-unit-si-fl6-id689/25ke2nc/,2026-04-10 23:13:33 UTC
"2290 Stockton St, San Francisco, CA 94133","1 Bed $3,580","1 Bed $3,580",,,https://www.apartments.com/2290-stockton-st-san-francisco-ca-unit-si-fl4-id660/qfhvspx/,2026-04-10 23:13:39 UTC
"1 Bed, 1 Bath, 619 sq ft $5,375","1 Bed, 1 Bath, 619 sq ft $5,375","1 Bed, 1 Bath, 619 sq ft $5,375",Unit 1512 at Jasper,,,2026-04-10 23:14:39 UTC
"399 Fremont St, San Francisco, CA 94105","1 Bed $6,760","1 Bed $6,760",,,https://www.apartments.com/399-fremont-st-san-francisco-ca-unit-si-fl27-id778/y6gs2rt/,2026-04-10 23:14:45 UTC
"388 Beale St, San Francisco, CA 94105","1 Bed $5,180","1 Bed $5,180",,,https://www.apartments.com/388-beale-st-san-francisco-ca-unit-si-fl15-id775/1y1ydr7/,2026-04-10 23:14:51 UTC
"399 Fremont St, San Francisco, CA 94105","1 Bed $6,390","1 Bed $6,390",,,https://www.apartments.com/399-fremont-st-san-francisco-ca-unit-si-fl7-id848/n6llvsp/,2026-04-10 23:14:57 UTC
"39 Tehama St, San Francisco, CA 94105","2 Beds $5,150","2 Beds $5,150",,,https://www.apartments.com/39-tehama-st-san-francisco-ca-unit-si-fl11-id884/kxqrsdb/,2026-04-10 23:15:03 UTC
"1285 Sutter St, San Francisco, CA 94109","1 Bed $5,080","1 Bed $5,080",,,https://www.apartments.com/1285-sutter-st-san-francisco-ca-unit-si-fl3-id788/3rcqh2f/,2026-04-10 23:15:08 UTC
"2 Beds, 1 Bath, 651 sq ft $3,886","2 Beds, 1 Bath, 651 sq ft $3,886","2 Beds, 1 Bath, 651 sq ft $3,886",Unit 1022 at 1177 Market at Trinity Place,,,2026-04-10 23:16:09 UTC
"355 Berry St, San Francisco, CA 94158","2 Beds $6,690","2 Beds $6,690",,,https://www.apartments.com/355-berry-st-san-francisco-ca-unit-si-fl4-id837/46w6xsh/,2026-04-10 23:16:15 UTC
"240 Lombard St, San Francisco, CA 94111","1 Bed $3,820","1 Bed $3,820",,,https://www.apartments.com/240-lombard-st-san-francisco-ca-unit-si-fl2-id913/cz2480e/,2026-04-10 23:16:21 UTC
"340 Fremont St, San Francisco, CA 94105","2 Beds $6,730","2 Beds $6,730",,,https://www.apartments.com/340-fremont-st-san-francisco-ca-unit-si-fl8-id224/5s2dd4q/,2026-04-10 23:16:27 UTC
"185 Channel St, San Francisco, CA 94158","1 Bed $5,860","1 Bed $5,860",,,https://www.apartments.com/185-channel-st-san-francisco-ca-unit-si-fl6-id772/t7hyk7c/,2026-04-10 23:16:33 UTC
"1 Brady St, San Francisco, CA 94103","Studio $3,530","Studio $3,530",,,https://www.apartments.com/1-brady-st-san-francisco-ca-unit-si-fl4-id1161/0pnj373/,2026-04-10 23:16:37 UTC
"1 Brady St, San Francisco, CA 94103","Studio $3,550","Studio $3,550",,,https://www.apartments.com/1-brady-st-san-francisco-ca-unit-si-fl4-id1163/g9cs9ex/,2026-04-10 23:16:43 UTC
"30 Otis St, San Francisco, CA 94103","2 Beds $7,590","2 Beds $7,590",,,https://www.apartments.com/30-otis-st-san-francisco-ca-unit-si-fl17-id1281/532lvtm/,2026-04-10 23:16:50 UTC
"30 Otis St, San Francisco, CA 94103","2 Beds $9,060","2 Beds $9,060",,,https://www.apartments.com/30-otis-st-san-francisco-ca-unit-si-fl19-id1282/f24223t/,2026-04-10 23:16:56 UTC
"30 Otis St, San Francisco, CA 94103","1 Bed $4,900","1 Bed $4,900",,,https://www.apartments.com/30-otis-st-san-francisco-ca-unit-si-fl6-id1275/3peny3f/,2026-04-10 23:17:02 UTC
"30 Otis St, San Francisco, CA 94103","Studio $4,250","Studio $4,250",,,https://www.apartments.com/30-otis-st-san-francisco-ca-unit-si-fl4-id1358/lr7rjrg/,2026-04-10 23:17:08 UTC
"Studio, 1 Bath, 460 sq ft $2,455","Studio, 1 Bath, 460 sq ft $2,455","Studio, 1 Bath, 460 sq ft $2,455",Unit 0513 at Geary Courtyard,,,2026-04-10 23:18:08 UTC
"2 Townsend St, San Francisco, CA 94107","1 Bed $4,900","1 Bed $4,900",,,https://www.apartments.com/2-townsend-st-san-francisco-ca-unit-si-fl4-id1393/5m12n8q/,2026-04-10 23:18:13 UTC
"2 Townsend St, San Francisco, CA 94107","2 Beds $7,070","2 Beds $7,070",,,https://www.apartments.com/2-townsend-st-san-francisco-ca-unit-si-fl5-id1399/tkn4fr8/,2026-04-10 23:18:19 UTC
"8 10th St, San Francisco, CA 94103","2 Beds $7,530","2 Beds $7,530",,,https://www.apartments.com/8-10th-st-san-francisco-ca-unit-si-fl32-id1406/25q41mb/,2026-04-10 23:18:25 UTC
"975 Bryant St, San Francisco, CA 94103","1 Bed $4,810","1 Bed $4,810",,,https://www.apartments.com/975-bryant-st-san-francisco-ca-unit-si-fl5-id1424/scdf837/,2026-04-10 23:18:31 UTC
"434 Minna St, San Francisco, CA 94103","1 Bed $4,180","1 Bed $4,180",,,https://www.apartments.com/434-minna-st-san-francisco-ca-unit-si-fl10-id1431/lbrz6yd/,2026-04-10 23:18:37 UTC
"1 Bed, 1 Bath, 620 sq ft $3,401","1 Bed, 1 Bath, 620 sq ft $3,401","1 Bed, 1 Bath, 620 sq ft $3,401",Unit 0534 at 33 8th at Trinity Place,,,2026-04-10 23:19:37 UTC
"434 Minna St, San Francisco, CA 94103","1 Bed $4,320","1 Bed $4,320",,,https://www.apartments.com/434-minna-st-san-francisco-ca-unit-si-fl14-id1432/7ttc6jw/,2026-04-10 23:19:43 UTC
"434 Minna St, San Francisco, CA 94103","Studio $2,980","Studio $2,980",,,https://www.apartments.com/434-minna-st-san-francisco-ca-unit-si-fl4-id1435/rd2frg0/,2026-04-10 23:19:48 UTC
"434 Minna St, San Francisco, CA 94103","Studio $3,020","Studio $3,020",,,https://www.apartments.com/434-minna-st-san-francisco-ca-unit-si-fl5-id1433/s0jnm95/,2026-04-10 23:19:54 UTC
"400 Clementina St, San Francisco, CA 94103","1 Bed $3,790","1 Bed $3,790",,,https://www.apartments.com/400-clementina-st-san-francisco-ca-unit-si-fl7-id1449/3cxxt5e/,2026-04-10 23:20:00 UTC
"1801 Wedemeyer St, San Francisco, CA 94129","1 Bed $4,390","1 Bed $4,390",,,https://www.apartments.com/1801-wedemeyer-st-san-francisco-ca-unit-si-fl4-id1457/370ephd/,2026-04-10 23:20:06 UTC
"1801 Wedemeyer St, San Francisco, CA 94129","1 Bed $3,620","1 Bed $3,620",,,https://www.apartments.com/1801-wedemeyer-st-san-francisco-ca-unit-si-fl2-id1456/zmgjnjx/,2026-04-10 23:20:12 UTC
"30 Otis St, San Francisco, CA 94103","Studio $3,580","Studio $3,580",,,https://www.apartments.com/30-otis-st-san-francisco-ca-unit-si-fl4-id1454/t1hrtk9/,2026-04-10 23:20:17 UTC
"100 Van Ness Ave Unit SI FL17-ID1476, San Francisco, CA 94102","1 Bed, 1 Bath, 646 sq ft $5,610","1 Bed, 1 Bath, 646 sq ft $5,610",,,https://www.apartments.com/100-van-ness-ave-san-francisco-ca-unit-si-fl17-id1476/jk773k6/,2026-04-10 23:20:23 UTC
"2255 Market St, San Francisco, CA 94114","Studio $2,400","Studio $2,400",,,https://www.apartments.com/2255-market-st-san-francisco-ca/8m4jlr0/,2026-04-10 23:34:06 UTC
"2903 Mission St, San Francisco, CA 94110","Studio $2,100","Studio $2,100",,,https://www.apartments.com/2903-mission-st-san-francisco-ca-unit-apt-1/ferp0kv/,2026-04-10 23:34:10 UTC
"Unit 07F at Spera 39 Tehama St, San Francisco, CA 94105","1 Bed, 1 Bath, 648 sq ft $5,387","1 Bed, 1 Bath, 648 sq ft $5,387",Unit 07F at Spera,,https://www.apartments.com/spera-san-francisco-ca/eqzek7p/#2ysp8bc-2-unit/,2026-04-10 23:34:13 UTC
"2255 Market St, San Francisco, CA 94114","Studio, 1 Bath, 350 sq ft $2,300","Studio, 1 Bath, 350 sq ft $2,300",,,https://www.apartments.com/2255-market-st-san-francisco-ca/ykmsrlt/,2026-04-10 23:34:19 UTC
"1038-1098 Larkin St, San Francisco, CA 94109","Studio $1,200","Studio $1,200",,,https://www.apartments.com/1038-1098-larkin-st-san-francisco-ca/72c340z/,2026-04-10 23:34:26 UTC
"1566 Newcomb Ave, San Francisco, CA 94124","3 Beds $4,490","3 Beds $4,490",,,https://www.apartments.com/1566-newcomb-ave-san-francisco-ca/fvjxg1t/,2026-04-10 23:34:32 UTC
"1408 Shafter Ave, San Francisco, CA 94124","1 Bed $2,800","1 Bed $2,800",,,https://www.apartments.com/1408-shafter-ave-san-francisco-ca-unit-1/5jgbt0q/,2026-04-10 23:34:38 UTC
"899 Pine St, San Francisco, CA 94108","1 Bed $6,750","1 Bed $6,750",,,https://www.apartments.com/899-pine-st-san-francisco-ca-unit-si-fl10-id1336274p/mnhlcpk/,2026-04-10 23:34:42 UTC
"185 Miriam St, Daly City, CA 94014","1 Bed $1,300","1 Bed $1,300",,,https://www.apartments.com/185-miriam-st-daly-city-ca/blldc1c/,2026-04-10 23:34:48 UTC
"756 Potrero Ave Unit Lower, San Francisco, CA 94110","1 Bed $2,300","1 Bed $2,300",,,https://www.apartments.com/756-potrero-ave-san-francisco-ca/5lg66zn/,2026-04-10 23:34:54 UTC
"2034 33rd Ave Unit 2bdr2bath spacious flat, San Francisco, CA 94116","2 Beds, 2 Baths, 1,200 sq ft $3,550","2 Beds, 2 Baths, 1,200 sq ft $3,550",,,https://www.apartments.com/2034-33rd-ave-san-francisco-ca-unit-2bdr2bath-spacious-flat/hb5vgf0/,2026-04-10 23:35:00 UTC
"257 Rome St, San Francisco, CA 94112","2 Beds, 1 Bath, 1,150 sq ft $3,900","2 Beds, 1 Bath, 1,150 sq ft $3,900",,,https://www.apartments.com/257-rome-st-san-francisco-ca/jclt107/,2026-04-10 23:35:06 UTC
"3637 18th St Unit Apt 2, SAN FRANCISCO, CA 94110","3 Beds, 2 Baths, 1,500 sq ft $9,900","3 Beds, 2 Baths, 1,500 sq ft $9,900",,,https://www.apartments.com/3637-18th-st-san-francisco-ca-unit-apt-2/h1fne91/,2026-04-10 23:35:11 UTC
"328 Lexington St, San Francisco, CA 94110","3 Beds, 1.5 Baths, 1,300 sq ft $9,900","3 Beds, 1.5 Baths, 1,300 sq ft $9,900",,,https://www.apartments.com/328-lexington-st-san-francisco-ca/zcwwgtw/,2026-04-10 23:35:17 UTC
"1 Daniel Burnham Court Unit 407, San Francisco, CA 94109","1 Bed, 1 Bath, 600 sq ft $3,950","1 Bed, 1 Bath, 600 sq ft $3,950",,,https://www.apartments.com/1-daniel-burnham-court-san-francisco-ca-unit-407/h69t3k0/,2026-04-10 23:35:23 UTC
"1300 22nd St Unit 207, San Francisco, CA 94107","2 Beds, 2 Baths, 975 sq ft $5,800","2 Beds, 2 Baths, 975 sq ft $5,800",,,https://www.apartments.com/1300-22nd-st-san-francisco-ca-unit-207/zmh8lsz/,2026-04-10 23:35:29 UTC
"19 Miramar Ave, San Francisco, CA 94112","1 Bed, 1 Bath, 100 sq ft $1,295","1 Bed, 1 Bath, 100 sq ft $1,295",,,https://www.apartments.com/19-miramar-ave-san-francisco-ca/htxk3h2/,2026-04-10 23:35:35 UTC
"16 Victoria St Unit House, San Francisco, CA 94132","1 Bed $1,500","1 Bed $1,500",,,https://www.apartments.com/16-victoria-st-san-francisco-ca/0wsnvb0/,2026-04-10 23:35:41 UTC
,"1 Bed, 1 Bath, 567 sq ft $4,731","1 Bed, 1 Bath, 567 sq ft $4,731","555-585 Bryant St, San Francisco, CA 94107",,https://www.apartments.com/quincy-san-francisco-ca/1hxf6t6/#6ncyjsv-2-unit/,2026-04-10 23:35:43 UTC
"792 Hayes St Unit 792 A Hayes St, San Francisco, CA 94102","1 Bed $2,800","1 Bed $2,800",,,https://www.apartments.com/792-hayes-st-san-francisco-ca/pt8fb9s/,2026-04-10 23:35:49 UTC
"959 York St Unit A, San Francisco, CA 94110","2 Beds $3,900","2 Beds $3,900",,,https://www.apartments.com/959-york-st-san-francisco-ca/3rchrzf/,2026-04-10 23:35:55 UTC
"873 Greenwich St Unit 873 Greenwich Street, San Francisco, CA 94133","1 Bed $2,500","1 Bed $2,500",,,https://www.apartments.com/873-greenwich-st-san-francisco-ca/skk6mr6/,2026-04-10 23:36:01 UTC
"1482 Innes Avenue Unit Upper Flat w Views, San Francisco, CA 94124","2 Beds $3,350","2 Beds $3,350",,,https://www.apartments.com/1482-innes-avenue-san-francisco-ca/rgkckw0/,2026-04-10 23:36:07 UTC
"1379 19th Ave Unit A, San Francisco, CA 94122","1 Bed $2,400","1 Bed $2,400",,,https://www.apartments.com/1379-19th-ave-san-francisco-ca/sqtcjm7/,2026-04-10 23:36:12 UTC
"765 Market St Unit 34E, San Francisco, CA 94103","2 Beds, 2.5 Baths, 1,453 sq ft $9,200","2 Beds, 2.5 Baths, 1,453 sq ft $9,200",,,https://www.apartments.com/765-market-st-san-francisco-ca-unit-34e/xvwqhjm/,2026-04-10 23:36:18 UTC
"2230 Quintara St, San Francisco, CA 94116","1 Bed, 1 Bath, 250 sq ft $1,200","1 Bed, 1 Bath, 250 sq ft $1,200",,,https://www.apartments.com/2230-quintara-st-san-francisco-ca/j102kt7/,2026-04-10 23:36:24 UTC
"1114 Montgomery St, San Francisco, CA 94133","3 Beds $8,500+","3 Beds $8,500+",,,https://www.apartments.com/1114-montgomery-st-san-francisco-ca/b461cq8/,2026-04-10 23:36:30 UTC
"1201 Sutter St Unit 408, San Francisco, CA 94109","2 Beds $7,500","2 Beds $7,500",,,https://www.apartments.com/1201-sutter-st-san-francisco-ca/z2h3xjy/,2026-04-10 23:36:36 UTC
"2377 Jackson St Unit 2377 Jackson, San Francisco, CA 94115","4 Beds, 2 Baths, 2,300 sq ft $12,750","4 Beds, 2 Baths, 2,300 sq ft $12,750",,,https://www.apartments.com/2377-jackson-st-san-francisco-ca-unit-2377-jackson/2rmtsz9/,2026-04-10 23:36:42 UTC
"451 Kansas St, San Francisco, CA 94107","Studio, 1 Bath, 436 sq ft $3,350","Studio, 1 Bath, 436 sq ft $3,350",,,https://www.apartments.com/451-kansas-st-san-francisco-ca/zedddny/,2026-04-10 23:36:47 UTC
"346 1st St Unit 35A, San Francisco, CA 94105","2 Beds, 2 Baths, 1,684 sq ft $10,998","2 Beds, 2 Baths, 1,684 sq ft $10,998",,,https://www.apartments.com/346-1st-st-san-francisco-ca-unit-35a/tgsxxkb/,2026-04-10 23:36:53 UTC
"681 40th Ave Unit Furnished 4 bedrooms 3 baths 2nd Floor flat, San Francisco, CA 94121","4 Beds, 3 Baths, 1,660 sq ft $6,000","4 Beds, 3 Baths, 1,660 sq ft $6,000",,,https://www.apartments.com/681-40th-ave-san-francisco-ca-unit-furnished-4-bedrooms-3-baths-2nd-floor-flat/f46fvyt/,2026-04-10 23:36:59 UTC
"15 Woodland Ave Unit Top, San Francisco, CA 94117","2 Beds $5,500","2 Beds $5,500",,,https://www.apartments.com/15-woodland-ave-san-francisco-ca/1nbn9h4/,2026-04-10 23:37:05 UTC
"6635 3rd St Unit 201, San Francisco, CA 94124","2 Beds, 2.5 Baths, 1,570 sq ft $4,495","2 Beds, 2.5 Baths, 1,570 sq ft $4,495",,,https://www.apartments.com/6635-3rd-st-san-francisco-ca-unit-201/e8shbsp/,2026-04-10 23:37:11 UTC
"300 Berry St Unit 614, San Francisco, CA 94158","1 Bed, 1 Bath, 664 sq ft $4,300","1 Bed, 1 Bath, 664 sq ft $4,300",,,https://www.apartments.com/300-berry-st-san-francisco-ca-unit-614/m867ncj/,2026-04-10 23:37:15 UTC
"3500 23rd St, San Francisco, CA 94110","1 Bed $1,400+","1 Bed $1,400+",,,https://www.apartments.com/3500-23rd-st-san-francisco-ca/0v6lwp1/,2026-04-10 23:37:22 UTC
"2285 46th Ave, San Francisco, CA 94116","2 Beds, 1 Bath, 670 sq ft $2,500","2 Beds, 1 Bath, 670 sq ft $2,500",,,https://www.apartments.com/2285-46th-ave-san-francisco-ca/e86gq2n/,2026-04-10 23:37:28 UTC
"254 Abbot Ave Unit Apt, Daly City, CA 94014","1 Bed $2,500","1 Bed $2,500",,,https://www.apartments.com/254-abbot-ave-daly-city-ca/6h41y8v/,2026-04-10 23:37:34 UTC
"181 Marina Blvd, San Francisco, CA 94123","3 Beds, 4 Baths, 3,410 sq ft $12,995","3 Beds, 4 Baths, 3,410 sq ft $12,995",,,https://www.apartments.com/181-marina-blvd-san-francisco-ca/15vpgm5/,2026-04-10 23:37:40 UTC
"875 California St, San Francisco, CA 94108","2 Beds, 2 Baths, 1,422 sq ft $12,000","2 Beds, 2 Baths, 1,422 sq ft $12,000",,,https://www.apartments.com/875-california-st-san-francisco-ca/pnfwsrt/,2026-04-10 23:37:44 UTC
"69 Uranus Terrace, San Francisco, CA 94114","3 Beds, 3 Baths, 2,623 sq ft $13,500","3 Beds, 3 Baths, 2,623 sq ft $13,500",,,https://www.apartments.com/69-uranus-terrace-san-francisco-ca/vjl2n5f/,2026-04-10 23:37:50 UTC
"875 California St, San Francisco, CA 94108","2 Beds, 2 Baths, 1,474 sq ft $15,000","2 Beds, 2 Baths, 1,474 sq ft $15,000",,,https://www.apartments.com/875-california-st-san-francisco-ca/htnws92/,2026-04-10 23:37:56 UTC
